id,name,obcn,location,latitude,longitude,status
2,(GDL-001) C. Epigmenio Glez./ Av. 16 de Sept.,GDL-001,POL�GONO CENTRAL,20.666378,-103.34882,IN_SERVICE
3,(GDL-002) C. Colonias  / Av.  Ni�os h�roes,GDL-002,POL�GONO CENTRAL,20.667228,-103.366,IN_SERVICE
4,(GDL-003) C. Vidrio / Av. Chapultepec,GDL-003,POL�GONO CENTRAL,20.66769,-103.368252,IN_SERVICE
5,(GDL-004) C. Ghilardi /C. Miraflores,GDL-004,POL�GONO CENTRAL,20.69175,-103.36255,IN_SERVICE
6,(GDL-005) C. San Diego /Calzada Independencia,GDL-005,POL�GONO CENTRAL,20.6811575,-103.339363,IN_SERVICE
8,(GDL-006) C. Venustiano Carranza /C. Reforma,GDL-006,POL�GONO CENTRAL,20.680717,-103.344415,IN_SERVICE
9,(GDL-007) C. Epigmenio Glez./Av. Cristobal C.,GDL-007,POL�GONO CENTRAL,20.666771,-103.350562,IN_SERVICE
10,(GDL-008) C. J. Angulo / C. Gonz�lez Ortega,GDL-008,POL�GONO CENTRAL,20.681871,-103.350396,IN_SERVICE
11,(GDL-009) Calz. Federalismo/ C. J. Angulo,GDL-009,POL�GONO CENTRAL,20.682076846084616,-103.353835,IN_SERVICE
12,(GDL-010) C. Cruz verde / C. Joaquin Angulo,GDL-010,POL�GONO CENTRAL,20.6818519,-103.3573381,IN_SERVICE
13,(GDL-011) C. Garibaldi / C. Fr�as,GDL-011,POL�GONO CENTRAL,20.681081,-103.360099,IN_SERVICE
14,(GDL-012) C. Joaqu�n Angulo / C. Ghilardi,GDL-012,POL�GONO CENTRAL,20.6820683,-103.3629218,IN_SERVICE
15,(GDL-013) C. Vidrio  / C. Marsella,GDL-013,POL�GONO CENTRAL,20.667623,-103.370499,IN_SERVICE
16,(GDL-014) C. J. Angulo/C Jos� Clemente Orozco,GDL-014,POL�GONO CENTRAL,20.6821447,-103.3659297,IN_SERVICE
17,(GDL-015) C. Herrera y Cairo /C. Pedro Buzeta,GDL-015,POL�GONO CENTRAL,20.683191,-103.369349,IN_SERVICE
18,(GDL-016) C. Bernardo de Balbuena/C J. Angulo,GDL-016,POL�GONO CENTRAL,20.68246370174547,-103.3726232,IN_SERVICE
19,(GDL-017) Av. M�xico /C. Bernardo de Balbuena,GDL-017,POL�GONO CENTRAL,20.679086,-103.372841,IN_SERVICE
20,(GDL-018) Av. M�xico / C. Manuel M. Di�guez,GDL-018,POL�GONO CENTRAL,20.679296,-103.370658,IN_SERVICE
21,(GDL-019)  C. Juan Manuel / C. Andr�s Ter�n,GDL-019,POL�GONO CENTRAL,20.678813670043535,-103.3680584,IN_SERVICE
22,Ex-GDL-020 Juan Manuel / C.General Coronado,Ex-GDL-020,POL�GONO CENTRAL,20.678714,-103.36573,NOT_IN_SERVICE
23,(GDL-021) C. Nicol�s Romero / C. Reforma,GDL-021,POL�GONO CENTRAL,20.67966,-103.362224,IN_SERVICE
24,(GDL-022) C. San Felipe /C Enrique D. de Le�n,GDL-022,POL�GONO CENTRAL,20.679389,-103.35913,IN_SERVICE
25,(GDL-023) C. Jes�s / C. San Felipe,GDL-023,POL�GONO CENTRAL,20.679309,-103.356281,IN_SERVICE
26,(GDL-024) Av.  Federalismo / C. Juan Manuel,GDL-024,POL�GONO CENTRAL,20.678777,-103.354035,IN_SERVICE
27,(GDL-025) C. Reforma / C. Gonz�lez Ortega,GDL-025,POL�GONO CENTRAL,20.680227,-103.350146,IN_SERVICE
28,(GDL-026) C. Pedro Loza / C. Reforma,GDL-026,POL�GONO CENTRAL,20.680478,-103.348377,IN_SERVICE
29,(GDL-027) C. Bel�n / C. San Felipe,GDL-027,POL�GONO CENTRAL,20.679861,-103.345198,IN_SERVICE
30,(GDL-028) C. Gregorio D�vila /C. Manuel Acu�a,GDL-028,POL�GONO CENTRAL,20.6840145,-103.3612673,IN_SERVICE
31,(GDL-029) Calz. Indep. /C. Juan Manuel,GDL-029,POL�GONO CENTRAL,20.679899,-103.339438,IN_SERVICE
32,(GDL-030) C. Pedro Moreno/ C. Progreso,GDL-030,POL�GONO CENTRAL,20.675461,-103.367501,IN_SERVICE
33,(GDL-031) C. Hospital / C. Andr�s Ter�n,GDL-031,POL�GONO CENTRAL,20.685652,-103.368215,IN_SERVICE
34,(GDL-032) C. Degollado / Av. Hidalgo,GDL-032,POL�GONO CENTRAL,20.6772627,-103.344908,IN_SERVICE
35,(GDL-033) Av. Hidalgo / C. Pedro Loza,GDL-033,POL�GONO CENTRAL,20.677419,-103.347983,IN_SERVICE
36,(GDL-034) C. Morelos / C. Donato Guerra,GDL-034,POL�GONO CENTRAL,20.676461,-103.350244,IN_SERVICE
37,(GDL-035) C. Mezquit�n / Av. Hidalgo,GDL-035,POL�GONO CENTRAL,20.677315,-103.3534145,IN_SERVICE
38,(GDL-036) C. Marcos Castellanos/ C. Morelos,GDL-036,POL�GONO CENTRAL,20.676078,-103.356458,IN_SERVICE
39,(GDL-037) C.Juan N. Cumplido /C. Independenci,GDL-037,POL�GONO CENTRAL,20.678034,-103.358466,IN_SERVICE
40,(GDL-038) C. Nicol�s Romero / Av. Hidalgo,GDL-038,POL�GONO CENTRAL,20.676656,-103.362331,IN_SERVICE
41,(GDL-039) C. General Coronado / Av. Hidalgo,GDL-039,POL�GONO CENTRAL,20.677108,-103.365088,IN_SERVICE
42,(GDL-040) C. Morelos / C. Progreso,GDL-040,POL�GONO CENTRAL,20.676067,-103.367049,IN_SERVICE
43,(GDL-041) C. Manuel M. Di�guez / Av. Hidalgo,GDL-041,POL�GONO CENTRAL,20.67671,-103.37066,IN_SERVICE
44,(GDL-042) C. Bernardo de Balbuena /Av Hidalgo,GDL-042,POL�GONO CENTRAL,20.676628,-103.372687,IN_SERVICE
45,(GDL-043) C. Sim�n Bolivar / C. L�pez Cotilla,GDL-043,POL�GONO CENTRAL,20.673756,-103.372613,IN_SERVICE
46,(GDL-044) C. Gral. San Mart�n /Av.  Vallarta,GDL-044,POL�GONO CENTRAL,20.674636,-103.371639,IN_SERVICE
47,(GDL-045) C. Pedro Moreno / C. Marsella,GDL-045,POL�GONO CENTRAL,20.675444,-103.370147,IN_SERVICE
48,(GDL-046) C. Emerson / Av. Vallarta,GDL-046,POL�GONO CENTRAL,20.675014,-103.365025,IN_SERVICE
49,(GDL-047) C. Robles Gil / Av. Vallarta,GDL-047,POL�GONO CENTRAL,20.674931,-103.362351,IN_SERVICE
50,(GDL-048) C. Constancio Hern�ndez/ Av. Juar�z,GDL-048,POL�GONO CENTRAL,20.674721,-103.358548,IN_SERVICE
51,(GDL-049) Lopez Cotilla/ Marcos Castellanos,GDL-049,POL�GONO CENTRAL,20.6740865,-103.3563196,IN_SERVICE
52,(GDL-050) C. Pedro Moreno / Calz. Federalismo,GDL-050,POL�GONO CENTRAL,20.675746,-103.354579,IN_SERVICE
53,(GDL-051) C. 8 de Julio / Av. Ju�rez,GDL-051,POL�GONO CENTRAL,20.674559,-103.352663,IN_SERVICE
54,(GDL-052) Av. Ju�rez / Av. 16 de Septiembre,GDL-052,POL�GONO CENTRAL,20.675244,-103.347889,IN_SERVICE
55,(GDL-053) C. Maestranza / Av. Ju�rez,GDL-053,POL�GONO CENTRAL,20.675401,-103.345665,IN_SERVICE
56,(GDL-054) Av. Ju�rez / Calz. Independencia,GDL-054,POL�GONO CENTRAL,20.675421,-103.342049,IN_SERVICE
57,(GDL-055) C. Degollado /C.Prisciliano S�nchez,GDL-055,POL�GONO CENTRAL,20.672696,-103.345366,IN_SERVICE
58,(GDL-056) Av. 16 de Sept. / C. Miguel Blanco,GDL-056,POL�GONO CENTRAL,20.671971,-103.347422,IN_SERVICE
59,(GDL-057) C. Ocampo / C. Prisciliano S�nchez,GDL-057,POL�GONO CENTRAL,20.672706722709474,-103.3496159,IN_SERVICE
60,(GDL-058) C. Pavo / C. Prisciliano S�nchez,GDL-058,POL�GONO CENTRAL,20.672641,-103.353542,IN_SERVICE
61,(GDL-059) C. Miguel Blanco / C. Penitenciaria,GDL-059,POL�GONO CENTRAL,20.672231,-103.355508,IN_SERVICE
62,(GDL-060) C. Madero/ C. Camarena,GDL-060,POL�GONO CENTRAL,20.6734,-103.357684,IN_SERVICE
63,(GDL-061) C. Libertad /  C. Argentina,GDL-061,POL�GONO CENTRAL,20.671778,-103.361274,IN_SERVICE
64,(GDL-062) C. Libertad / C. Mosc�,GDL-062,POL�GONO CENTRAL,20.673072,-103.365055,IN_SERVICE
65,(GDL-063) C. Colonias  / C. L�pez Cotilla,GDL-063,POL�GONO CENTRAL,20.674132,-103.366139,IN_SERVICE
66,(GDL-064) C. Marsella / C. L�pez Cotilla,GDL-064,POL�GONO CENTRAL,20.673321,-103.370571,IN_SERVICE
67,(GDL-065) C. Sim�n Bolivar / Av. La Paz,GDL-065,POL�GONO CENTRAL,20.6722064,-103.372588,IN_SERVICE
68,(GDL-066) C Lerdo de Tejada/C Gral. Sn Mart�n,GDL-066,POL�GONO CENTRAL,20.671364,-103.371786,IN_SERVICE
69,(GDL-067) Calzada Federalismo / C. Vidrio,GDL-067,POL�GONO CENTRAL,20.6668825,-103.3555917,IN_SERVICE
70,(GDL-068) C. Guadalupe Zuno / Av. Chapultepec,GDL-068,POL�GONO CENTRAL,20.670512,-103.368306,IN_SERVICE
71,(GDL-069) C. Colonias / C. Guadalupe Zuno,GDL-069,POL�GONO CENTRAL,20.670468,-103.366071,IN_SERVICE
72,(GDL-070) Av. La  Paz / C. Juan de Ojeda,GDL-070,POL�GONO CENTRAL,20.671455,-103.363633,IN_SERVICE
73,(GDL-071) Av. La Paz /Av.Enrique D�az de Le�n,GDL-071,POL�GONO CENTRAL,20.670362,-103.359537,IN_SERVICE
74,(GDL-072) Av. La Paz / C. Camarena,GDL-072,POL�GONO CENTRAL,20.67056,-103.357589,IN_SERVICE
75,(GDL-073) Av. La Paz / Av. Federalismo,GDL-073,POL�GONO CENTRAL,20.669955,-103.355032,IN_SERVICE
76,(GDL-074) C. Enrique Gonz�lez / C. Libertad,GDL-074,POL�GONO CENTRAL,20.67131,-103.351651,IN_SERVICE
77,(GDL-075) C. Pedro Rioseco /C. Nueva Galicia,GDL-075,POL�GONO CENTRAL,20.669628,-103.348768,IN_SERVICE
78,(GDL-076) Calz. Revoluci�n / C. San Fernando,GDL-076,POL�GONO CENTRAL,20.67096727748942,-103.3448483,IN_SERVICE
79,(GDL-077) C. Argentina / C. Pedro Moreno,GDL-077,POL�GONO CENTRAL,20.675631,-103.36134,IN_SERVICE
80,(GDL-078) C. Comercio / C. La Paz,GDL-078,POL�GONO CENTRAL,20.66888,-103.34846,IN_SERVICE
81,(GDL-079)  C. Donato Guerra /Av. La Paz,GDL-079,POL�GONO CENTRAL,20.6688627,-103.3513022,IN_SERVICE
82,(GDL-080) C. Manuel Acu�a / Av. Am�ricas,GDL-080,POL�GONO CENTRAL,20.68432,-103.373252,IN_SERVICE
83,(GDL-081) C. Venezuela / Av. Ni�os H�roes,GDL-081,POL�GONO CENTRAL,20.667352,-103.363338,IN_SERVICE
84,(GDL-082) C. Gpe. Montenegro/C.Nu�o de Guzman,GDL-082,POL�GONO CENTRAL,20.669326,-103.362535,IN_SERVICE
85,(GDL-083) C. Vidrio / Av. Enrique D�az,GDL-083,POL�GONO CENTRAL,20.667532,-103.3595222,IN_SERVICE
86,(GDL-084) C. Montenegro / Av. Chapultepec,GDL-084,POL�GONO CENTRAL,20.669306,-103.368312,IN_SERVICE
87,(GDL-085) C. Gdpe. Zuno/ Av.  Uni�n,GDL-085,POL�GONO CENTRAL,20.670426,-103.373378,IN_SERVICE
88,(GDL-086) C. Sim�n Bolivar / Av. Ni�os H�roes,GDL-086,POL�GONO CENTRAL,20.66704,-103.372444,IN_SERVICE
91,(ZPN-001) Emilio Carranza /Carretera Tesist�n,ZPN-001,ZAPOPAN CENTRO,20.73244,-103.396083,IN_SERVICE
92,(ZPN-002) C. Emilio Carranza /C. Independenci,ZPN-002,ZAPOPAN CENTRO,20.726376,-103.397466,IN_SERVICE
93,(ZPN-003) C. Emilio Carranza / Av. Hidalgo,ZPN-003,ZAPOPAN CENTRO,20.723081,-103.398071,IN_SERVICE
94,(GDL-220) Av. Cient�ficos / C. Fil�sofos,GDL-220,ZAPOPAN CENTRO,20.69995,-103.342347,IN_SERVICE
95,(ZPN-005) C. Del Corral / C. An�huac,ZPN-005,ZAPOPAN CENTRO,20.730841,-103.394267,IN_SERVICE
96,(ZPN-006) C. Sta. Rita / Av. Avila Camacho,ZPN-006,ZAPOPAN CENTRO,20.71953,-103.386768,IN_SERVICE
97,Ex-ZPN-007 C. Libertad / Nicol�s Bravo,Ex-ZPN-007,ZAPOPAN CENTRO,20.726196,-103.392672,NOT_IN_SERVICE
98,(ZPN-008) C. Vicente Guerrero / Av. Hidalgo,ZPN-008,ZAPOPAN CENTRO,20.72201,-103.39427,IN_SERVICE
99,Ex-ZPN-009 C. Del Corral / C. Nicol�s Bravo,Ex-ZPN-009 ,ZAPOPAN CENTRO,20.685108,-103.333746,NOT_IN_SERVICE
100,(ZPN-010) C. Ram�n Corona / C. Cuauht�moc,ZPN-010,ZAPOPAN CENTRO,20.723889,-103.394585,IN_SERVICE
101,(ZPN-011) C. Pino Su�rez / C. L�pez Cotilla,ZPN-011,ZAPOPAN CENTRO,20.726558,-103.389242,IN_SERVICE
102,(ZPN-012) C. Pino Su�rez / Av. Juan Pablo II,ZPN-012,ZAPOPAN CENTRO,20.728538,-103.390297,IN_SERVICE
103,(ZPN-013) C. Eva Brise�o / C. Javier Mina,ZPN-013,ZAPOPAN CENTRO,20.720438,-103.391894,IN_SERVICE
104,(ZPN-014) C. Plata / Av. Laureles,ZPN-014,ZAPOPAN CENTRO,20.7352743,-103.3997461,IN_SERVICE
105,(ZPN-015) Blvr. de la Espuela / Blvr. Charros,ZPN-015,ZAPOPAN CENTRO,20.735255,-103.394636,IN_SERVICE
106,(ZPN-016) Av. Hidalgo/ C. Emiliano Zapata,ZPN-016,ZAPOPAN CENTRO,20.721643,-103.3902,IN_SERVICE
107,(ZPN-017) C. Juan Manuel / C. Pedro Moreno,ZPN-017,ZAPOPAN CENTRO,20.72374,-103.388657,IN_SERVICE
108,(ZPN-018) Av. Laureles / Blvrd. Panamericano,ZPN-018,ZAPOPAN CENTRO,20.7276186,-103.3859946,IN_SERVICE
109,Ex-ZPN-019 C. Cabecera Mpal. Juan Manuel / C.,Ex-ZPN-019,ZAPOPAN CENTRO,20.7232207,-103.3855829,NOT_IN_SERVICE
110,(ZPN-020) Av. Aurelio Ortega / Av. Laureles,ZPN-020,ZAPOPAN CENTRO,20.720987,-103.38625,IN_SERVICE
111,(ZPN-021) Blvrd. Panamericano/ C.Santa M�nica,ZPN-021,ZAPOPAN CENTRO,20.728243,-103.384072,IN_SERVICE
112,(ZPN-022) Av. Aurelio Ortega / C. Morelos,ZPN-022,ZAPOPAN CENTRO,20.722427,-103.383,IN_SERVICE
113,EX-ZPN-023 C. Juan Diego / C. Sarc�fago,ExZPN-023,ZAPOPAN CENTRO,20.72489,-103.383614,NOT_IN_SERVICE
114,EX-ZPN-024 Manuel H. Alatorre / C. Industria,ExZPN-024,ZAPOPAN CENTRO,20.72356,-103.381901,NOT_IN_SERVICE
115,(ZPN-025) Av. V. Carranza / Av. Jose Simeon,ZPN-025,ZAPOPAN CENTRO,20.731202,-103.380651,IN_SERVICE
116,Ex-ZPN-026 C. 16 Sep. / C. Fray A. de Segovia,Ex-ZPN-026,ZAPOPAN CENTRO,20.68692,-103.33467,NOT_IN_SERVICE
117,(ZPN-027) C. 5 de Mayo / C. Noviembre,ZPN-027,ZAPOPAN CENTRO,20.720452,-103.388629,IN_SERVICE
118,(ZPN-028) Av. F. Aranguren / Av. Laureles,ZPN-028,ZAPOPAN CENTRO,20.737087,-103.401285,IN_SERVICE
119,(ZPN-029) C. La Villa / C. Cuauht�moc,ZPN-029,ZAPOPAN CENTRO,20.728147,-103.393858,IN_SERVICE
120,(ZPN-030) Av.Juan Pablo II / L�zaro C�rdenas,ZPN-030,ZAPOPAN CENTRO,20.736557,-103.401357,IN_SERVICE
125,(ZPN-031) C. Ni�o Obrero/Calz L�zaro C�rdenas,ZPN-031,POL�GONO CENTRAL,20.67342,-103.40945,IN_SERVICE
126,(ZPN-032) Calz L�zaro C�rdenas / Av San Fco,ZPN-032,POL�GONO CENTRAL,20.67195,-103.40641,IN_SERVICE
127,(ZPN-033) Av L�zaro C�rdenas / Av San Ignacio,ZPN-033,POL�GONO CENTRAL,20.6707,-103.40458,IN_SERVICE
128,(ZPN-034) C. San Demetrio / C. Ni�o Obrero,ZPN-034,POL�GONO CENTRAL,20.66984,-103.40968,IN_SERVICE
129,(ZPN-035) C. San Juan Bosco / Av. San Ignacio,ZPN-035,POL�GONO CENTRAL,20.66844,-103.40495,IN_SERVICE
130,(ZPN-036) C. Ni�o Obrero /C Jos� Mar�a Robles,ZPN-036,POL�GONO CENTRAL,20.66731,-103.40953,IN_SERVICE
131,(ZPN-037) Av. San Ignacio / Av. Guadalupe,ZPN-037,POL�GONO CENTRAL,20.666914,-103.402512,IN_SERVICE
132,(ZPN-038) C. Santa Rita / Av. Guadalupe,ZPN-038,POL�GONO CENTRAL,20.666033,-103.40687,IN_SERVICE
133,(ZPN-039) Av. Ni�o Obrero / C. Juan Diego,ZPN-039,POL�GONO CENTRAL,20.66312806,-103.4079076,IN_SERVICE
134,(ZPN-040) C. Santa Mar�a / C. �rbol,ZPN-040,POL�GONO CENTRAL,20.66033761,-103.4037559,IN_SERVICE
135,(ZPN-041) C. 12 de Diciembre / C. Juan Diego,ZPN-041,POL�GONO CENTRAL,20.66463,-103.404,IN_SERVICE
136,(ZPN-042) C. Tonatiuh / Av. Netzahualc�yotl,ZPN-042,POL�GONO CENTRAL,20.65925105,-103.4065612,IN_SERVICE
137,(ZPN-043) C. Ermita / C. Del �rbol,ZPN-043,POL�GONO CENTRAL,20.65938,-103.40195,IN_SERVICE
138,Ex-ZPN-044,Ex-ZPN-044,POL�GONO CENTRAL,20.69705,-103.36322,NOT_IN_SERVICE
139,(ZPN-045) Av. Tizoc / C. Iztacc�huatl,ZPN-045,POL�GONO CENTRAL,20.65701,-103.40464,IN_SERVICE
140,(ZPN-046) Av. Cubilete / Av. L�pez Mateos,ZPN-046,POL�GONO CENTRAL,20.656866,-103.397725,IN_SERVICE
141,(ZPN-047) Av. Tizoc / Av. L�pez Mateos,ZPN-047,POL�GONO CENTRAL,20.65381,-103.40134,IN_SERVICE
142,(TLQ-001) BlvrdGarc�a Barrag�n/C. R�o Tajo,TLQ-001,TLQ-CORREDORATLAS,20.64483,-103.31948,IN_SERVICE
143,(TLQ-002) C. Ju�rez / Av. Ni�os H�roes,TLQ-002,TLQ-CORREDORATLAS,20.6383352,-103.3163317,IN_SERVICE
144,(TLQ-003) C. Contreras Medell�n/Donato Guerra,TLQ-003,TLQ-CORREDORATLAS,20.64193,-103.31366,IN_SERVICE
145,(TLQ-004) C. Donato Guerra / C. Obreg�n,TLQ-004,TLQ-CORREDORATLAS,20.64185,-103.3106,IN_SERVICE
146,(TLQ-005) C. Zalatit�n / C. Jalisco,TLQ-005,TLQ-CORREDORATLAS,20.64188,-103.30651,IN_SERVICE
147,Ex-TLQ-006 C. Zalatit�n / Av. Francisco Silva,Ex-TLQ-006,TLQ-CORREDORATLAS,20.641848,-103.3026,NOT_IN_SERVICE
148,(TLQ-007) Blvrd.Garc�a Barrag�n/Donato Guerra,TLQ-007,TLQ-CORREDORATLAS,20.64176,-103.31716,IN_SERVICE
149,Ex-TLQ-008 C. Ju�rez / C.Francisco de Miranda,Ex-TLQ-008,TLQ-CORREDORATLAS,20.63841,-103.31334,NOT_IN_SERVICE
150,(TLQ-009) C. Progreso / C. Ju�rez,TLQ-009,TLQ-CORREDORATLAS,20.63816,-103.31148,IN_SERVICE
151,(TLQ-010) C. Zaragoza / C. Emilio Carranza,TLQ-010,TLQ-CORREDORATLAS,20.63834,-103.30952,IN_SERVICE
152,(TLQ-011) C. Jalisco / C. Hidalgo,TLQ-011,TLQ-CORREDORATLAS,20.63922,-103.30465,IN_SERVICE
153,(TLQ-012) C. Paseo Don Bosco / C. Tonal�,TLQ-012,TLQ-CORREDORATLAS,20.63613,-103.3019,IN_SERVICE
154,(GDL-087) Av. Am�ricas / Av. L�pez Mateos,GDL-087,POL�GONO CENTRAL,20.69493,-103.37333,IN_SERVICE
155,(GDL-088) Av.Plan de San Luis/C. Andr�s Teran,GDL-088,POL�GONO CENTRAL,20.6972,-103.36773,IN_SERVICE
156,(GDL-089) C. Juan �lvarez / C. Cruz Verde,GDL-089,POL�GONO CENTRAL,20.68456,-103.35699,IN_SERVICE
157,(GDL-090) Calz. Federalismo / C. Durango,GDL-090,POL�GONO CENTRAL,20.69865,-103.35519,IN_SERVICE
158,(GDL-091) C. Magisterio /Av. M. �vila Camacho,GDL-091,POL�GONO CENTRAL,20.696097,-103.349382,IN_SERVICE
159,(GDL-092) Calz Federalismo / Av Plan San Luis,GDL-092,POL�GONO CENTRAL,20.69610588,-103.3549492,IN_SERVICE
160,(GDL-093) C. H Colegio Militar / Av. Am�ricas,GDL-093,POL�GONO CENTRAL,20.69311,-103.37298,IN_SERVICE
161,(GDL-094) C. Manuel Cambre / C. Andr�s Teran,GDL-094,POL�GONO CENTRAL,20.69324,-103.36757,IN_SERVICE
162,(GDL-095)  C. Mariano B�rcena / Maestros,GDL-095,POL�GONO CENTRAL,20.692725,-103.3516,IN_SERVICE
163,(GDL-096) C. Jes�s Garc�a / C. Gonz�lez Orte,GDL-096,POL�GONO CENTRAL,20.6891,-103.35071,IN_SERVICE
164,(GDL-097) C.Jes�s Garc�a / C. Juan N Cumplido,GDL-097,POL�GONO CENTRAL,20.688598107207913,-103.3584672,IN_SERVICE
165,(GDL-098) Calz. Federalismo / Av. Maestros,GDL-098,POL�GONO CENTRAL,20.6919612,-103.3540408,IN_SERVICE
166,(GDL-099) C. Eulogio Parra /C.Gonz�lez Ortega,GDL-099,POL�GONO CENTRAL,20.687196,-103.350525,IN_SERVICE
167,(GDL-100) C. Ayuntamiento/C. A. R. Plasencia,GDL-100,POL�GONO CENTRAL,20.69269,-103.37082,IN_SERVICE
168,(GDL-101) C. Amado Nervo /C. Jos� Mar�a Vigil,GDL-101,POL�GONO CENTRAL,20.68969,-103.37486,IN_SERVICE
169,(GDL-102) C. Mar�a Vigil/C. Manuel M. Dieguez,GDL-102,POL�GONO CENTRAL,20.68985,-103.37071,IN_SERVICE
170,(GDL-103) J. Clemente Orozco /C. Jes�s Garc�a,GDL-103,POL�GONO CENTRAL,20.68861,-103.365814,IN_SERVICE
171,(GDL-104) C. Pedro Loza / Av. Manuel Acu�a,GDL-104,POL�GONO CENTRAL,20.68348,-103.34853,IN_SERVICE
172,(GDL-105) C. Pino Su�rez / C. Joaquin Angulo,GDL-105,POL�GONO CENTRAL,20.6822,-103.34601,IN_SERVICE
173,(GDL-106) C. Juan �lvarez / C. Bel�n,GDL-106,POL�GONO CENTRAL,20.68465,-103.34526,IN_SERVICE
174,(GDL-107) Calz. Federalismo/C. J. Mar�a Vigil,GDL-107,POL�GONO CENTRAL,20.68981,-103.353973,IN_SERVICE
175,(GDL-108) C. Hospital / C. Alameda,GDL-108,POL�GONO CENTRAL,20.68586,-103.33964,IN_SERVICE
176,(GDL-109) C. Eulogio Parra / Av. Am�ricas,GDL-109,POL�GONO CENTRAL,20.68725,-103.37363,IN_SERVICE
177,(GDL-110) C. Manuel Di�guez/Av. Eulogio Parra,GDL-110,POL�GONO CENTRAL,20.68723,-103.37084,IN_SERVICE
178,(GDL-111) C. Jos� Palomar / C. Hospital,GDL-111,POL�GONO CENTRAL,20.6863794,-103.3368076,IN_SERVICE
179,(GDL-112) C. C. Orozco/C. Gral. Eulogio Parra,GDL-112,POL�GONO CENTRAL,20.687,-103.36582,IN_SERVICE
180,(GDL-113) C. Ghilardi / C. Arista,GDL-113,POL�GONO CENTRAL,20.6880337,-103.362716,IN_SERVICE
181,(GDL-114) C. Monte C�ucaso / C. Alameda,GDL-114,POL�GONO CENTRAL,20.68925,-103.3361,IN_SERVICE
182,(GDL-115) Calz. Federalismo / C. Fco. Zarco,GDL-115,POL�GONO CENTRAL,20.68605,-103.35408,IN_SERVICE
183,(GDL-116) Av Manuel Acu�a/C. Pablo Villase�or,GDL-116,POL�GONO CENTRAL,20.68447,-103.37989,IN_SERVICE
184,(GDL-117) Av Manuel Acu�a / C Fray Fco Frejes,GDL-117,POL�GONO CENTRAL,20.68427,-103.37653,IN_SERVICE
185,(GDL-118) C. Antonio de Le�n / C. Garibaldi,GDL-118,POL�GONO CENTRAL,20.68168,-103.38197,IN_SERVICE
186,(GDL-119) C. Fco Rojas Gonz�lez /C. Garibaldi,GDL-119,POL�GONO CENTRAL,20.68153,-103.3785,IN_SERVICE
187,(GDL-120) C. Agust�n de la Rosa /C. Garibaldi,GDL-120,POL�GONO CENTRAL,20.68132,-103.37537,IN_SERVICE
188,(GDL-121) C. Tom�s V. G�mez / Av. M�xico,GDL-121,POL�GONO CENTRAL,20.67914,-103.38253,IN_SERVICE
189,(GDL-122) C. Fray Luis DePalacio/ Av. M�xico,GDL-122,POL�GONO CENTRAL,20.67947,-103.37926,IN_SERVICE
190,(GDL-123) C. Aurelio L. Gallardo / Av. M�xico,GDL-123,POL�GONO CENTRAL,20.67945,-103.376,IN_SERVICE
191,(GDL-124) C. Severo D�az / C. Justo Sierra,GDL-124,POL�GONO CENTRAL,20.6776729,-103.3835367,IN_SERVICE
192,(GDL-125) C. Pablo Villase�or / Av. Hidalgo,GDL-125,POL�GONO CENTRAL,20.67691,-103.37993,IN_SERVICE
193,(GDL-126) C. Aurelio L. Gallardo / Av Hidalgo,GDL-126,POL�GONO CENTRAL,20.67647,-103.37606,IN_SERVICE
194,(GDL-127) Av. Vallarta / Av. de Los Arcos,GDL-127,POL�GONO CENTRAL,20.67438,-103.38488,IN_SERVICE
195,(GDL-128) Av. Morelos / C. Emilio Castelar,GDL-128,POL�GONO CENTRAL,20.67554,-103.38409,IN_SERVICE
196,(GDL-129) C. Lope de Vega / Av. Vallarta,GDL-129,POL�GONO CENTRAL,20.67455,-103.37998,IN_SERVICE
197,(GDL-130) C. J. Ru�z de Alarc�n / Av Vallarta,GDL-130,POL�GONO CENTRAL,20.67448,-103.37618,IN_SERVICE
198,(GDL-131) C. Emilio Castelar / Av. La Paz,GDL-131,POL�GONO CENTRAL,20.67206,-103.384,IN_SERVICE
199,(GDL-132) C. Lope de Vega / Av. La Paz,GDL-132,POL�GONO CENTRAL,20.67207,-103.37997,IN_SERVICE
200,(GDL-133) C. J. Ru�z de Alarc�n / Av. La Paz,GDL-133,POL�GONO CENTRAL,20.67189,-103.37608,IN_SERVICE
201,(GDL-134) C. Agust�n Y��ez / C. Fco Ugarte,GDL-134,POL�GONO CENTRAL,20.670209,-103.384221,IN_SERVICE
202,(GDL-135) C. Victoriano Ag�eros / Av. Uni�n,GDL-135,POL�GONO CENTRAL,20.66868,-103.3731,IN_SERVICE
203,(GDL-136) C. Lope de Vega/C. Efra�n Glez Luna,GDL-136,POL�GONO CENTRAL,20.66927,-103.37983,IN_SERVICE
204,(GDL-137) C. Ru�z de Alarc�n/C. Efra�n G Luna,GDL-137,POL�GONO CENTRAL,20.66957,-103.37623,IN_SERVICE
205,(GDL-138) C. de la Nebulosa / C. Placeres,GDL-138,POL�GONO CENTRAL,20.66557,-103.39134,IN_SERVICE
206,(GDL-139) C. Firmamento / Av. Ni�os H�roes,GDL-139,POL�GONO CENTRAL,20.66667,-103.38863,IN_SERVICE
207,(GDL-140) C. Constelaci�n / Av. de los Arcos,GDL-140,POL�GONO CENTRAL,20.66816,-103.38488,IN_SERVICE
208,(GDL-141) C. Ru�z de Alarc�n/C. Agust�n Y��ez,GDL-141,POL�GONO CENTRAL,20.66702,-103.37621,IN_SERVICE
209,(GDL-142) C. De la Nebulosa / C. Firmamento,GDL-142,POL�GONO CENTRAL,20.6647,-103.38855,IN_SERVICE
210,(GDL-143) C. Eclipse / Av. de Los Arcos,GDL-143,POL�GONO CENTRAL,20.6625,-103.38407,IN_SERVICE
211,(GDL-144) C. Primo Feliciano / C. San Gabriel,GDL-144,POL�GONO CENTRAL,20.669931,-103.394307,IN_SERVICE
212,(GDL-145) C. San Miguel / Av. San Francisco,GDL-145,POL�GONO CENTRAL,20.66736,-103.3947,IN_SERVICE
213,(GDL-146) Av. Guadalupe / C. Boturini,GDL-146,POL�GONO CENTRAL,20.6662882,-103.3988986,IN_SERVICE
214,(GDL-147) Calz. L�zaro C�rdenas/Av. Guadalupe,GDL-147,POL�GONO CENTRAL,20.66623,-103.39654,IN_SERVICE
215,(GDL-148) C. San Rafael / Av. Tepeyac,GDL-148,POL�GONO CENTRAL,20.66501,-103.39788,IN_SERVICE
216,(GDL-149) Calz. L�zaro C�rdenas/L�pez Mateos,GDL-149,POL�GONO CENTRAL,20.66511,-103.39388,IN_SERVICE
217,(GDL-150) C. Asunci�n / Av. Chapalita,GDL-150,POL�GONO CENTRAL,20.661387,-103.392533,IN_SERVICE
218,(GDL-151) C. Capuchinas / Av. Chapalita,GDL-151,POL�GONO CENTRAL,20.66,-103.39496,IN_SERVICE
219,(GDL-152) Parque de las Estrellas/C. Ori�n,GDL-152,POL�GONO CENTRAL,20.65931,-103.38884,IN_SERVICE
220,(GDL-153) C. Crep�sculo / Av. Tonantzin,GDL-153,POL�GONO CENTRAL,20.65846,-103.39092,IN_SERVICE
221,(GDL-154) C. Capuchinas / Av. Las Rosas,GDL-154,POL�GONO CENTRAL,20.65761,-103.39363,IN_SERVICE
222,(GDL-155) Parque de las Estrellas/Mariano Ote,GDL-155,POL�GONO CENTRAL,20.65712973,-103.3883797,IN_SERVICE
223,Ex-GDL-156 C. Crep�sculo / Av. Mariano Otero,Ex-GDL-156,POL�GONO CENTRAL,20.6564,-103.38956,NOT_IN_SERVICE
224,(GDL-157) Av. Mariano Otero/ Av. De las Rosas,GDL-157,POL�GONO CENTRAL,20.654709,-103.391595,IN_SERVICE
225,(GDL-158) Av. Faro / Av. Las Rosas,GDL-158,POL�GONO CENTRAL,20.65158,-103.38957,IN_SERVICE
226,(GDL-159) C. Guadalupe Victoria /Del Ejercito,GDL-159,TLQ-CORREDORATLAS,20.66468,-103.33357,IN_SERVICE
227,(GDL-160) C.Silverio Garcia/Blvrd. Garc�a Ba,GDL-160,TLQ-CORREDORATLAS,20.66114,-103.3315,IN_SERVICE
228,(GDL-161) C. Rio Usumacinta/Blvrd Garc�a Barr,GDL-161,TLQ-CORREDORATLAS,20.65925,-103.33055,IN_SERVICE
229,(GDL-162) C. Rio Tuxpan / C. Salvador Lopez C,GDL-162,TLQ-CORREDORATLAS,20.65721,-103.33046,IN_SERVICE
230,(GDL-163) C. Corregidora / Blvrd. Garc�a B.,GDL-163,TLQ-CORREDORATLAS,20.657817,-103.32898,IN_SERVICE
231,(GDL-164) Av. Ol�mpica /C. Jos� Rolon,GDL-164,TLQ-CORREDORATLAS,20.655,-103.32186,IN_SERVICE
232,(GDL-165) C. Rio Panuco/ Blvrd. Garc�a B.,GDL-165,TLQ-CORREDORATLAS,20.65251,-103.32553,IN_SERVICE
233,(GDL-166) C. Rio Principal / Blvrd. Garc�a B.,GDL-166,TLQ-CORREDORATLAS,20.65475,-103.32719,IN_SERVICE
234,(GDL-167) C. Rio San Juan de Dios/Blvrd. Garc,GDL-167,TLQ-CORREDORATLAS,20.64962,-103.32356,IN_SERVICE
235,(GDL-168) Av. Rio Nilo / C. Ram�n Pacheco,GDL-168,TLQ-CORREDORATLAS,20.64874,-103.31939,IN_SERVICE
236,(GDL-169) Blvrd. Garc�a Barrag�n/ C. Rio Zapo,GDL-169,TLQ-CORREDORATLAS,20.64707,-103.32147,IN_SERVICE
237,(GDL-170)  C. Relojeros/ C. Chamizal,GDL-170,TLQ-CORREDORATLAS,20.64698,-103.30619,IN_SERVICE
238,(GDL-171) C. Maquinistas / C. San Rafael,GDL-171,TLQ-CORREDORATLAS,20.6461,-103.3102,IN_SERVICE
239,(GDL-172) C. Chamizal / Av. Rio Nilo,GDL-172,TLQ-CORREDORATLAS,20.64434,-103.30678,IN_SERVICE
240,(GDL-173) C. Caballerango / C. Caporales,GDL-173,TLQ-CORREDORATLAS,20.64504,-103.30518,IN_SERVICE
241,(GDL-174) C. Juan de Zum�rraga / Av. Tepeyac,GDL-174,POL�GONO CENTRAL,20.6641,-103.4003,IN_SERVICE
242,(GDL-175) C. Ermita / C. San Uriel,GDL-175,POL�GONO CENTRAL,20.66234072,-103.3981344,IN_SERVICE
243,(GDL-176) C. San Bonifacio/ Paseo Benedictino,GDL-176,POL�GONO CENTRAL,20.67276201,-103.3976249,IN_SERVICE
244,(GDL-177) C. Fray Fco Frejes / C. Fco Zarco,GDL-177,POL�GONO CENTRAL,20.68669,-103.37657,IN_SERVICE
246,(GDL-178) Salvador Quevedo/L�pez Portillo,GDL-178,POL�GONO CENTRAL,20.6853596,-103.3339031,IN_SERVICE
247,(GDL-179) C. Monte C�ucaso / C. Sierra Nevada,GDL-179,POL�GONO CENTRAL,20.68795,-103.33343,IN_SERVICE
248,(GDL-180) C. Montes Pirineos/Salvador Quevedo,GDL-180,POL�GONO CENTRAL,20.68692,-103.33467,IN_SERVICE
249,(GDL-181) C.Ignacio Rmrz / Av Plan de San Lui,GDL-181,POL�GONO CENTRAL,20.69705,-103.36322,IN_SERVICE
250,Ex-GDL-182 Av. Plan de San Luis / Av. Enr�que,Ex-GDL-182,POL�GONO CENTRAL,20.6969715,-103.3581976,NOT_IN_SERVICE
251,(TLQ-006) C. Miguel Hidalgo / Calz. Revoluci�,TLQ-006,TLQ-CORREDORATLAS,20.639042,-103.301239,IN_SERVICE
253,(GDL-156) C. Duque de Rivas/ C. L�pez Cotilla,GDL-156,POL�GONO CENTRAL,20.673236932855744,-103.3826946,IN_SERVICE
254,(GDL-020) C. General Coronado / C.Juan Manuel,GDL-020,POL�GONO CENTRAL,20.67848,-103.365103,IN_SERVICE
255,(GDL-182) C. General Coronado / C. Manuel Acu,GDL-182,POL�GONO CENTRAL,20.6843419,-103.3646036,IN_SERVICE
256,(GDL-183) Calz. Independencia / Av. Ni�os H�r,GDL-183,POL�GONO CENTRAL,20.6639862,-103.3480775,IN_SERVICE
257,(GDL-184) Ingreso Cucei / Revoluci�n,GDL-184,TLQ-CORREDORATLAS,20.659581,-103.324147,IN_SERVICE
258,(GDL-185) Dr. Silverio Garc�a /Av. Revoluci�n,GDL-185,TLQ-CORREDORATLAS,20.66318,-103.32942,IN_SERVICE
259,(GDL-186) C. Argentina / C. Francia,GDL-186,POL�GONO CENTRAL,20.66429,-103.3628,IN_SERVICE
260,(GDL-187) Av. 16 de Septiembre / C. Priscilia,GDL-187,POL�GONO CENTRAL,20.6726395,-103.3471549,IN_SERVICE
261,(GDL-188) Av. de la Presa / Av. Manuel A. Cam,GDL-188,POL�GONO CENTRAL,20.70928,-103.37015,IN_SERVICE
262,(GDL-189) C. 5 de Mayo/ Av. Revoluci�n,GDL-189,POL�GONO CENTRAL,20.6692,-103.34116,IN_SERVICE
263,(GDL-190) C. Anahuac / Av. Revoluci�n,GDL-190,POL�GONO CENTRAL,20.6708,-103.34385,IN_SERVICE
264,(GDL-191) Plaza de los Mariachis,GDL-191,POL�GONO CENTRAL,20.6744,-103.34123,IN_SERVICE
265,(GDL-192) Calle A1 / Av. Manuel A. Camacho,GDL-192,POL�GONO CENTRAL,20.70656,-103.36564,IN_SERVICE
266,(GDL-193) C. Hawai / C. Nicol�s Romero,GDL-193,POL�GONO CENTRAL,20.70211,-103.35996,IN_SERVICE
267,(GDL-194) Av. Revoluci�n / C. Ram�n L�pez Ve,GDL-194,TLQ-CORREDORATLAS,20.65048,-103.30999,IN_SERVICE
268,(GDL-195) C. Ram�n Corona / Av. Ju�rez,GDL-195,POL�GONO CENTRAL,20.67529,-103.34656,IN_SERVICE
269,(GDL-196) C. Esmeralda / C. Manuel Acu�a,GDL-196,POL�GONO CENTRAL,20.68361,-103.33756,IN_SERVICE
270,(GDL-197) Av. R�o Nilo / Av. Revoluci�n,GDL-197,TLQ-CORREDORATLAS,20.64517,-103.30313,IN_SERVICE
271,(GDL-198) Av. Alcalde / C. Hospital,GDL-198,POL�GONO CENTRAL,20.68504,-103.34796,IN_SERVICE
272,(GDL-199) C. Jes�s Garc�a/Av. Alcalde,GDL-199,POL�GONO CENTRAL,20.6891,-103.34806,IN_SERVICE
273,(GDL-200) Av. Alcalde /Av. Manuel A. Camacho,GDL-200,POL�GONO CENTRAL,20.69406,-103.34824,IN_SERVICE
274,(GDL-201) Av. de los Normalistas / C. M. Guti,GDL-201,POL�GONO CENTRAL,20.69442,-103.34474,IN_SERVICE
275,(GDL-202) C. Magisterio / C. Durango,GDL-202,POL�GONO CENTRAL,20.69898,-103.34893,IN_SERVICE
276,(GDL-203) Av. Federalismo / C. Tamaulipas,GDL-203,POL�GONO CENTRAL,20.70046,-103.35478,IN_SERVICE
277,(GDL-204) C. Espa�a/ Av. Chapultepec,GDL-204,POL�GONO CENTRAL,20.6651,-103.36807,IN_SERVICE
278,(GDL-205) Av. Agust�n Y��ez /C. Venezuela,GDL-205,POL�GONO CENTRAL,20.66265,-103.36554,IN_SERVICE
279,(GDL-206) C. Suiza / Av. Enrique D�az de le�n,GDL-206,POL�GONO CENTRAL,20.66231,-103.36011,IN_SERVICE
280,(GDL-207) C. L�zaro P�rez / C. Escorza,GDL-207,POL�GONO CENTRAL,20.66563,-103.35802,IN_SERVICE
281,(GDL-208) Av. Espa�a / Av. Federalismo,GDL-208,POL�GONO CENTRAL,20.66081,-103.35704,IN_SERVICE
282,(GDL-209) Calz. del Campesino / Calz. Indepen,GDL-209,POL�GONO CENTRAL,20.6605183,-103.3503245,IN_SERVICE
283,(GDL-210) Av. Washington / Calz. Independenci,GDL-210,POL�GONO CENTRAL,20.65775,-103.35132,IN_SERVICE
284,(GDL-211) Av. Washington / C. Rusia,GDL-211,POL�GONO CENTRAL,20.65883,-103.35468,IN_SERVICE
285,(GDL-212) C. Nicol�s Romero / C. Jaime Nun�,GDL-212,POL�GONO CENTRAL,20.70047,-103.36158,IN_SERVICE
286,(ZPN-023) Blvrd. de la Espuela / C. Silvano B,ZPN-023,ZAPOPAN CENTRO,20.73231,-103.38763,IN_SERVICE
287,(ZPN-024) C. Francisco Sarabia / Av. Laureles,ZPN-024,ZAPOPAN CENTRO,20.73445,-103.3985614,IN_SERVICE
288,(ZPN-048) Av. J. Parres Arias / Prol. L�pez C,ZPN-048,ZAPOPAN CENTRO,20.72958,-103.38859,IN_SERVICE
289,(ZPN-049) �vila Camacho/ L�baro Patrio,ZPN-049,ZAPOPAN CENTRO,20.7178,-103.38338,IN_SERVICE
290,(ZPN-050) C. el Mediero / Prol. Laureles,ZPN-050,ZAPOPAN CENTRO,20.73432,-103.38427,IN_SERVICE
291,(ZPN-051) Av. Perif�rico G. Mor�n / Av. J. Pa,ZPN-051,ZAPOPAN CENTRO,20.73837,-103.38057,IN_SERVICE
292,(ZPN-052) C. del Pial / C. del Vig�a,ZPN-052,ZAPOPAN CENTRO,20.73245,-103.39291,IN_SERVICE
293,(ZPN-053) Prol. Laureles / Av. Perif�rico G.,ZPN-053,ZAPOPAN CENTRO,20.73836,-103.38299,IN_SERVICE
294,(ZPN-054) Av. J. Parres Arias / C. Ignacio Ja,ZPN-054,ZAPOPAN CENTRO,20.73441,-103.38079,IN_SERVICE
295,(ZPN-055) Prol. Laureles / Av. J. Parres Aria,ZPN-055,ZAPOPAN CENTRO,20.73154,-103.38515,IN_SERVICE
296,(ZPN-056) Av. M. �vila Camacho / C. San Jorge,ZPN-056,ZAPOPAN CENTRO,20.71365,-103.37742,IN_SERVICE
302,(TLQ-008) C. Independencia / C. Allende,TLQ-008,TLQ-CORREDORATLAS,20.639187,-103.3086,IN_SERVICE
303,(GDL-217) C. Ontario / Av. Manuel Acu�a,GDL-217,POL�GONO CENTRAL,20.684519,-103.383085,IN_SERVICE
304,(GDL-214) C. Chihuahua / C. Miguel Galindo,GDL-214,POL�GONO CENTRAL,20.702745,-103.356511,IN_SERVICE
305,(GDL-223) C. Dr. P�rez Arce/ C. G�mez Farias,GDL-223,TLQ-CORREDORATLAS,20.6679675,-103.326566,IN_SERVICE
306,(ZPN-066) C. Cuauht�moc / Av. Tepeyac,ZPN-066,POL�GONO CENTRAL,20.660955,-103.408683,IN_SERVICE
307,(GDL-215) C. Durango / C. Gregorio Davila,GDL-215,POL�GONO CENTRAL,20.6991544,-103.3599679,IN_SERVICE
308,(ZPN-065) C. Del Carmen / Av. Guadalupe,ZPN-065,POL�GONO CENTRAL,20.6649061,-103.4109615,IN_SERVICE
309,(ZPN-064) C. Sto de Aquino / Av. Sta Teresa,ZPN-064,POL�GONO CENTRAL,20.6669929,-103.4133282,IN_SERVICE
310,(ZPN-063) C. San Felipe Neri / Av. Guadalupe,ZPN-063,POL�GONO CENTRAL,20.6644831,-103.4130582,IN_SERVICE
311,(GDL-216) C. Tepic / C. Fr�as.,GDL-216,POL�GONO CENTRAL,20.6964426,-103.3592252,IN_SERVICE
312,(ZPN-067) C. Chimalhuac�n / Av. L�pez Mateos,ZPN-067,POL�GONO CENTRAL,20.6515919,-103.4027691,IN_SERVICE
313,(ZPN-057) C. Escultores / Av. Guadalupe,ZPN-057,POL�GONO CENTRAL,20.6637066,-103.4178168,IN_SERVICE
314,(ZPN-062) C. Loyola / C. Organizaci�n,ZPN-062,POL�GONO CENTRAL,20.6604258,-103.4136351,NOT_IN_SERVICE
315,(ZPN-061) C. Organizaci�n / Av. Guadalupe,ZPN-061,POL�GONO CENTRAL,20.6638448,-103.4151424,IN_SERVICE
316,(ZPN-060) C. De Los Leones / Av. Tepeyac,ZPN-060,POL�GONO CENTRAL,20.6587944,-103.41456,IN_SERVICE
317,(GDL-224) C. Reyes Flores/ C.Federico Medrano,GDL-224,TLQ-CORREDORATLAS,20.6649445,-103.3266332,IN_SERVICE
318,(GDL-222) C. Aldama / C. Dr. Leonardo Oliva,GDL-222,TLQ-CORREDORATLAS,20.6674498,-103.3295016,IN_SERVICE
319,(ZPN-058) Av. Labna / Av. Tepeyac,ZPN-058,POL�GONO CENTRAL,20.656551,-103.4194212,IN_SERVICE
320,(ZPN-059) C. Prados los Pinos/ Av. Tepeyac,ZPN-059,POL�GONO CENTRAL,20.6579741,-103.4173432,IN_SERVICE
321,(GDL-218) C.H�rcules / Av. De la Arboleda,GDL-218,POL�GONO CENTRAL,20.664447,-103.3853111,IN_SERVICE
322,(GDL-225) C. Gral Carlos Fuero/Av. Revoluci�n,GDL-225,TLQ-CORREDORATLAS,20.6542657,-103.3159228,IN_SERVICE
323,(GDL-213) C. Palavicini / Av. Circunvalaci�n,GDL-213,POL�GONO CENTRAL,20.70467,-103.345589,IN_SERVICE
324,(GDL-221) De los cient�ficos/ J. J. Tablada,GDL-221,POL�GONO CENTRAL,20.700192,-103.345961,IN_SERVICE
325,(GDL-226) C. Luis G. Cuevas /Av. Revoluci�n,GDL-226,TLQ-CORREDORATLAS,20.652408,-103.312902,IN_SERVICE
326,(GDL-219) C. D. Rivera / C. Fil�sofos,GDL-219,POL�GONO CENTRAL,20.698197,-103.342554,IN_SERVICE
327,(GDL-227) C. Artistas / C. Carlos Pereira,GDL-227,POL�GONO CENTRAL,20.695636,-103.339378,IN_SERVICE
328,(GDL-233) S .Juan de Ul�a /Andr�s Q.R.,GDL-233,POL�GONO CENTRAL,20.704462520357072,-103.3513929,IN_SERVICE
329,(GDL-235) F�lix Palavicini / Divisi�n del Nte,(GDL-235),POL�GONO CENTRAL,20.70552451,-103.3486422,IN_SERVICE
330,(GDL-236) F�lix Palavicini / Antonio Alcalde,GDL-236,POL�GONO CENTRAL,20.703520589983604,-103.347726,IN_SERVICE
331,(GDL-259) C. Dionisio Rodriguez  / C. Caba�as,GDL-259,POL�GONO CENTRAL,20.67570792,-103.3379879,IN_SERVICE
332,(GDL-234) C. Chihuahua / C. Francisco Tejeda,GDL-234,POL�GONO CENTRAL,20.702376291797922,-103.350088,IN_SERVICE
333,(GDL-239) Silvestre Revueltas Fray Antonio A,GDL-239,POL�GONO CENTRAL,20.691246507989785,-103.3480637,IN_SERVICE
334,"(GDL-261)C. Jarauta, Javier Mina",GDL-261,POL�GONO CENTRAL,20.67263409115309,-103.3315619,IN_SERVICE
335,(GDL-242) C. Sevilla / Av. de los Maestros,GDL-242,POL�GONO CENTRAL,20.69389141905075,-103.3387738,IN_SERVICE
336,(GDL-243)Av. De los Maestros / C. Mil Cumbres,GDL-243,POL�GONO CENTRAL,20.694363266949257,-103.337267,IN_SERVICE
337,(GDL-245)C. Alejandrina / C. Torres Quintero,GDL-245,POL�GONO CENTRAL,20.690914120973428,-103.3371268,IN_SERVICE
338,(GDL-258) Manuel Doblado / Dionisio Rodriguez,GDL-258,POL�GONO CENTRAL,20.674620374825263,-103.3319619,IN_SERVICE
339,(ZPN-068)Francisco Mora / Aurelio Ortega,ZPN-068,ZAPOPAN CENTRO,20.722496273232206,-103.3800223,IN_SERVICE
340,(ZPN-069)Jes�s Mar�a Romo /Av. Aurelio Ortega,ZPN-069,ZAPOPAN CENTRO,20.72229883474927,-103.3767978,IN_SERVICE
341,(ZPN-070)Av. Avila Camacho / Av. Patria,ZPN-070,ZAPOPAN CENTRO,20.712850458701983,-103.3756647,IN_SERVICE
342,(ZPN-073)C. Pintores/ Av. Jose Luis Gonzaga,ZPN-073,POL�GONO CENTRAL,20.665181516539473,-103.4192211,IN_SERVICE
343,(ZPN-074) C. Doctores / Av. San Luis Gonzaga,ZPN-074,POL�GONO CENTRAL,20.66459936373676,-103.4230589,IN_SERVICE
344,(ZPN-076)C. Pintores / Av. Guadalupe,ZPN-076,POL�GONO CENTRAL,20.662569319350595,-103.4203018,IN_SERVICE
345,(ZPN-075) C. Arquitectos / Av. Guadalupe,ZPN-075,POL�GONO CENTRAL,20.66234421,-103.4247637,IN_SERVICE
346,(GDL-248)C. Hospital / C. Humboldt,GDL-248,POL�GONO CENTRAL,20.685609311891643,-103.3437307,IN_SERVICE
347,(GDL-249)C. Agust�n Rivera / C. Manuel Acu�a,GDL-249,POL�GONO CENTRAL,20.683851280483125,-103.3416855,IN_SERVICE
348,(GDL-250) Clemente Aguirre / Roque Abarca,GDL-250,POL�GONO CENTRAL,20.68323747190644,-103.3352032,IN_SERVICE
349,(GDL-244)C. Paricutin / Calz. Independencia,GDL-244,POL�GONO CENTRAL,20.689575695470044,-103.3337929,IN_SERVICE
350,(GDL-228)C. La Soledad / Av. �vila Camacho,GDL-228,POL�GONO CENTRAL,20.705090971778624,-103.3630889,IN_SERVICE
351,(ZPN-071)Av. San Ignacio / Av. Vallarta,ZPN-071,POL�GONO CENTRAL,20.674595128333017,-103.403227,IN_SERVICE
352,(ZPN-072) Av. San Francisco / Av. San Ignacio,ZPN-072,POL�GONO CENTRAL,20.672638790185932,-103.404018,IN_SERVICE
353,(GDL-263)C. Aldama / C. 5 de Mayo,GDL-263,POL�GONO CENTRAL,20.67144008587941,-103.340668,IN_SERVICE
354,(GDL-247)C. Tener�as / C. Bel�n,GDL-247,POL�GONO CENTRAL,20.68875461291647,-103.3455327,IN_SERVICE
355,(GDL-257)C. Dionisio Rodr./ C. Jos� Fernando,GDL-257,POL�GONO CENTRAL,20.675340829650686,-103.3362015,IN_SERVICE
356,(GDL-270)C.G�mez Far�as  / Calz. del Ej�rcito,GDL-270,TLQ-CORREDORATLAS,20.669288645343627,-103.3313351,IN_SERVICE
357,(GDL-268)Heroico Colegio Militar/Revoluci�n,GDL-268,TLQ-CORREDORATLAS,20.666468753632724,-103.3340264,IN_SERVICE
358,(GDL-269)Valent�n G�mez Far�as/Riva Palacio,GDL-269,TLQ-CORREDORATLAS,20.670079984834082,-103.3330958,IN_SERVICE
359,(GDL-230)Francisco Marquez/Federalismo,GDL-230,POL�GONO CENTRAL,20.703986,-103.354926,IN_SERVICE
360,(GDL-255) C. Caba�as / C. Industria,GDL-255,POL�GONO CENTRAL,20.678286847215407,-103.338339,IN_SERVICE
361,(GDL-275)C. Antonio Tello / C. Lindavista,GDL-275,POL�GONO CENTRAL,20.65867106,-103.3204866,IN_SERVICE
362,(TLQ-015) Contreras Medell�n / Ni�os H�roes,TLQ-015,POL�GONO CENTRAL,20.64422441289209,-103.3136955,IN_SERVICE
363,(GDL-229)C. Guanajuato / C. Miguel Galindo,GDL-229,POL�GONO CENTRAL,20.69446484449012,-103.3569374,IN_SERVICE
364,(GDL-265)C. Clavel / Av. Gigantes,GDL-265,TLQ-CORREDORATLAS,20.672190093585424,-103.3372675,IN_SERVICE
365,(GDL-274) Corregidora/Pensador Mexicano,GDL-274,POL�GONO CENTRAL,20.66328884495521,-103.3249723,IN_SERVICE
366,(GDL-271) Rom�n Morales / �lvaro Obreg�n,GDL-271,POL�GONO CENTRAL,20.67031359405098,-103.3269727,IN_SERVICE
368,(GDL-256)Josefa Ort�z/Juan D�az Covarrubias,GDL-256,TLQ-CORREDORATLAS,20.67633662343893,-103.3341202,IN_SERVICE
369,(GDL-262) Av. Gigantes / C. Aquiles Serd�n,GDL-262,TLQ-CORREDORATLAS,20.67042852958532,-103.3300445,IN_SERVICE
370,(GDL-273) C. Aldama / C. Orozco Berra,GDL-273,TLQ-CORREDORATLAS,20.665505316306632,-103.323109,IN_SERVICE
371,(GDL-237)Av. Ram�n Corona / C. Leandro Valle,GDL-237,POL�GONO CENTRAL,20.66918870653499,-103.3461729,IN_SERVICE
372,(GDL-238)Jos� Juan Tablada / Jos� Vasconcelos,GDL-238,POL�GONO CENTRAL,20.697480604662864,-103.3465873,IN_SERVICE
373,(GDL-251)C. Pablo Valdez / C. Mariano Jim�nez,GDL-251,POL�GONO CENTRAL,20.68217100573895,-103.334639,IN_SERVICE
374,(GDL-260) Churubusco / �lvaro Obreg�n,GDL-260,POL�GONO CENTRAL,20.672212871825575,-103.3336371,IN_SERVICE
375,(GDL-264) Federico Medrano / Antonio Rosales,GDL-264,TLQ-CORREDORATLAS,20.669601412890255,-103.3391913,IN_SERVICE
376,(GDL-266) C. Matamoros / Calz. Revoluci�n,GDL-266,TLQ-CORREDORATLAS,20.668321437500285,-103.3374401,IN_SERVICE
377,(GDL-232)Tamaulipas/Andr�s Quintana Roo,GDL-232,POL�GONO CENTRAL,20.699865427893354,-103.3508449,IN_SERVICE
378,(TLQ-014) C. Hornos / C. Francisco I. Madero,TLQ-014,TLQ-CORREDORATLAS,20.64424416984587,-103.3114337,IN_SERVICE
379,(GDL-241)Jun�pero Serra/Jos� Encarnaci�n,GDL-241,POL�GONO CENTRAL,20.694023395379904,-103.3417557,IN_SERVICE
380,(TLQ-013)Zalatitan/Francisco Silva Romero,TLQ-013,TLQ-CORREDORATLAS,20.641813059928502,-103.3027294,IN_SERVICE
381,(GDL-231) C. Tabasco / C. Juan de la Barrera,GDL-231,POL�GONO CENTRAL,20.70309729234528,-103.3533536,IN_SERVICE
382,(GDL-272)C. Jaime Nun� / C. De la Costa ,GDL-272,POL�GONO CENTRAL,20.693841124544143,-103.3649267,IN_SERVICE
383,(GDL-240)Hilarion Romero Gil/Gabriela Mistral,GDL-240,POL�GONO CENTRAL,20.689988495126478,-103.344978,IN_SERVICE
384,(GDL-252) C. Calpulalpan / C. Independencia,GDL-252,POL�GONO CENTRAL,20.678006,-103.341808,IN_SERVICE
385,(GDL-246)Juan Jos� Baz/Silvestre Revueltas,GDL-246,POL�GONO CENTRAL,20.691523449502654,-103.3406014,IN_SERVICE
386,(GDL-254)Porfirio D�az/Francisco Javier Mina,GDL-254,POL�GONO CENTRAL,20.67067005127954,-103.3245211,IN_SERVICE
387,(GDL-267)Gral. Arteaga/Fray Antonio Alcalde,GDL-267,POL�GONO CENTRAL,20.686850366937602,-103.3477905,IN_SERVICE
388,(GDL-253) C. General Salazar / C. Federaci�n,GDL-253,POL�GONO CENTRAL,20.67957161674863,-103.3366606,IN_SERVICE
